51.024990333333,3.772977,1425542791000
51.025003,3.7729906666667,1425542797000
51.025023833333,3.7730131666667,1425542802000
51.025032666667,3.7730258333333,1425542807000
51.025044666667,3.7730363333333,1425542812000
51.025055333333,3.7730446666667,1425542817000
51.024989333333,3.7729678333333,1425542821000
51.024877,3.7727328333333,1425542827000
51.024716833333,3.772519,1425542832000
51.024555,3.7723851666667,1425542836000
51.024351,3.772191,1425542841000
51.024127333333,3.771933,1425542847000
51.023989333333,3.7717718333333,1425542851000
51.023771166667,3.7716228333333,1425542856000
51.023652666667,3.771894,1425542861000
51.023507,3.7722173333333,1425542866000
51.0233255,3.7724808333333,1425542872000
51.023149833333,3.7726576666667,1425542877000
51.022917833333,3.7727655,1425542882000
51.022665166667,3.7728858333333,1425542887000
51.022463833333,3.773067,1425542892000
51.0221985,3.7731946666667,1425542897000
51.021934,3.7733246666667,1425542902000
51.021682833333,3.7733953333333,1425542907000
51.0214325,3.77353,1425542912000
51.021250166667,3.773649,1425542917000
51.021021166667,3.7736968333333,1425542921000
51.020858,3.7737313333333,1425542926000
51.020721166667,3.774006,1425542931000
51.020674333333,3.7743588333333,1425542936000
51.020620666667,3.774727,1425542941000
51.020588166667,3.7751163333333,1425542946000
51.0205805,3.7755388333333,1425542951000
51.020565166667,3.775953,1425542956000
51.020552833333,3.776389,1425542961000
51.020538833333,3.7768223333333,1425542966000
51.020540833333,3.7772706666667,1425542971000
51.0205275,3.7776223333333,1425542976000
51.020470166667,3.7779805,1425542981000
51.020325833333,3.7782335,1425542986000
51.020161,3.7785066666667,1425542991000
51.01997,3.778744,1425542996000
51.019784,3.7790126666667,1425543001000
51.019581666667,3.7792826666667,1425543006000
51.019390833333,3.7795596666667,1425543011000
51.019185833333,3.7798051666667,1425543016000
51.019015666667,3.7800463333333,1425543021000
51.018815166667,3.780292,1425543026000
51.0185725,3.7805466666667,1425543031000
51.0184025,3.7808095,1425543036000
51.018191,3.7810591666667,1425543041000
51.018002166667,3.7812995,1425543046000
51.0178045,3.7815353333333,1425543051000
51.017579833333,3.7818045,1425543056000
51.017367,3.7820643333333,1425543061000
51.017161833333,3.7822941666667,1425543066000
51.0169995,3.7825251666667,1425543071000
51.016833666667,3.782783,1425543076000
51.016734833333,3.7830636666667,1425543081000
51.016521666667,3.7833256666667,1425543086000
51.016306,3.783586,1425543091000
51.016011666667,3.783887,1425543097000
51.0157955,3.7841341666667,1425543102000
51.015633666667,3.7843573333333,1425543107000
51.015458,3.7845818333333,1425543112000
51.0153315,3.784763,1425543117000
51.0151825,3.7849513333333,1425543122000
51.01502,3.7851715,1425543127000
51.014859833333,3.7854088333333,1425543132000
51.014718833333,3.7855888333333,1425543137000
51.014470166667,3.7857576666667,1425543142000
51.014263,3.7859628333333,1425543147000
51.014074666667,3.7861666666667,1425543152000
51.013895166667,3.7863665,1425543157000
51.013697333333,3.7865993333333,1425543162000
51.013513333333,3.7868545,1425543167000
51.0133075,3.7871318333333,1425543173000
51.013135666667,3.7873518333333,1425543178000
51.012962833333,3.7875511666667,1425543183000
51.012828666667,3.7877798333333,1425543188000
51.012688666667,3.7879655,1425543192000
51.012527666667,3.7881971666667,1425543197000
51.012310333333,3.7884076666667,1425543202000
51.0121645,3.788651,1425543207000
51.0119765,3.7889016666667,1425543212000
51.011814833333,3.789141,1425543217000
51.011628333333,3.7893916666667,1425543222000
51.011398666667,3.789642,1425543227000
51.011255166667,3.7897873333333,1425543232000
51.011173166667,3.789832,1425543237000
51.010924833333,3.7902935,1425543242000
51.010681166667,3.7906145,1425543247000
51.010452166667,3.7908546666667,1425543252000
51.010218666667,3.7910821666667,1425543257000
51.010021666667,3.7913263333333,1425543262000
51.0099075,3.7915533333333,1425543267000
51.009790833333,3.7917841666667,1425543272000
51.009595333333,3.792015,1425543277000
51.009389,3.7922755,1425543282000
51.009258333333,3.7925203333333,1425543287000
51.0090345,3.7927898333333,1425543292000
51.008787666667,3.7930401666667,1425543297000
51.008562833333,3.7932606666667,1425543302000
51.008265166667,3.7934701666667,1425543307000
51.008020833333,3.7937251666667,1425543312000
51.00784,3.794005,1425543317000
51.007636666667,3.7942811666667,1425543322000
51.007420833333,3.7945473333333,1425543327000
51.0072305,3.794821,1425543332000
51.007049333333,3.7950551666667,1425543337000
51.0068565,3.79538,1425543343000
51.006718166667,3.7956608333333,1425543348000
51.006666166667,3.7959943333333,1425543353000
51.006488166667,3.7962338333333,1425543358000
51.006317166667,3.7964505,1425543363000
51.006160333333,3.796691,1425543368000
51.005982833333,3.7969398333333,1425543373000
51.005833,3.7972153333333,1425543378000
51.005616833333,3.7974861666667,1425543383000
51.005442166667,3.7977695,1425543388000
51.005288833333,3.7980798333333,1425543393000
51.005098,3.7984165,1425543398000
51.004987,3.7987493333333,1425543403000
51.004826166667,3.7990758333333,1425543408000
51.004665166667,3.7993833333333,1425543413000
51.0045025,3.7996283333333,1425543418000
51.004371,3.799795,1425543423000
51.004216,3.7999173333333,1425543428000
51.003994666667,3.8000335,1425543433000
51.003889833333,3.8002381666667,1425543438000
51.003819333333,3.8004975,1425543443000
51.003723,3.8007743333333,1425543448000
51.003633,3.801,1425543453000
51.003548166667,3.801267,1425543458000
51.003362,3.8015463333333,1425543463000
51.003193833333,3.8018393333333,1425543468000
51.002997166667,3.802114,1425543473000
51.002861333333,3.802422,1425543478000
51.002695,3.8026851666667,1425543483000
51.002550833333,3.8029975,1425543488000
51.002424,3.8033056666667,1425543493000
51.002169,3.8035898333333,1425543498000
51.001959,3.8038671666667,1425543503000
51.0017875,3.8040863333333,1425543508000
51.001742,3.8043918333333,1425543513000
51.001563333333,3.8046453333333,1425543518000
51.0014225,3.8048811666667,1425543523000
51.001339833333,3.8051376666667,1425543528000
51.001230833333,3.8053813333333,1425543533000
51.0009595,3.8054876666667,1425543538000
51.000735333333,3.8053345,1425543543000
51.000583833333,3.8052335,1425543548000
51.0003055,3.8051956666667,1425543553000
50.3333205,3.8051805,1425543558000
50.333066,3.805113,1425543563000
50.332855333333,3.8049715,1425543568000
50.332663,3.8048153333333,1425543573000
50.332559333333,3.8046693333333,1425543578000
50.332401166667,3.8044955,1425543583000
50.332185,3.8042828333333,1425543588000
50.331975,3.8042981666667,1425543593000
50.331776666667,3.8045161666667,1425543598000
50.331604166667,3.8047625,1425543603000
50.331461333333,3.805022,1425543608000
50.331336833333,3.8053153333333,1425543613000
50.3312105,3.8056413333333,1425543618000
50.331101666667,3.8059553333333,1425543623000
50.330976166667,3.8062273333333,1425543628000
50.330858666667,3.8065225,1425543633000
50.330703166667,3.8068128333333,1425543638000
50.330568,3.8071156666667,1425543643000
50.3304395,3.807478,1425543648000
50.330311333333,3.8077868333333,1425543653000
50.3301445,3.807719,1425543658000
50.329970166667,3.8075406666667,1425543663000
50.329788666667,3.8074828333333,1425543668000
50.329517166667,3.807427,1425543674000
50.329310833333,3.8073856666667,1425543679000
50.329143,3.8073635,1425543684000
50.328964,3.8073321666667,1425543689000
50.328832333333,3.807265,1425543694000
50.328772,3.807209,1425543699000
50.328732333333,3.8071771666667,1425543704000
50.328706833333,3.807121,1425543709000
50.328684833333,3.8070838333333,1425543713000
50.328692333333,3.807072,1425543718000
50.3286935,3.8070508333333,1425543723000
50.328702833333,3.8070378333333,1425543728000
50.331549,3.804951,1425550194000
50.3315695,3.804956,1425550199000
50.331563,3.8049671666667,1425550204000
50.331559166667,3.804973,1425550209000
50.331558166667,3.8049765,1425550214000
50.331560666667,3.804978,1425550219000
50.331563333333,3.8049783333333,1425550224000
50.331565,3.8049756666667,1425550229000
50.331564833333,3.8049713333333,1425550234000
50.331563666667,3.804968,1425550239000
50.331564,3.8049623333333,1425550244000
50.331563833333,3.8049578333333,1425550249000
50.331562833333,3.8049558333333,1425550254000
50.3315625,3.8049555,1425550259000
50.331561666667,3.8049568333333,1425550264000
50.331562,3.8049578333333,1425550269000
50.331563333333,3.8049601666667,1425550274000
50.331565166667,3.8049628333333,1425550279000
50.331566666667,3.8049631666667,1425550284000
50.331569,3.8049621666667,1425550289000
50.3315705,3.8049591666667,1425550294000
50.331572166667,3.8049575,1425550299000
50.3315735,3.8049561666667,1425550304000
50.331583,3.8049205,1425550309000
50.331592666667,3.8048793333333,1425550314000
50.331596,3.804851,1425550319000
50.3316535,3.804709,1425550324000
50.331792,3.8044061666667,1425550330000
50.331880333333,3.8042136666667,1425550335000
50.331971333333,3.8042065,1425550339000
50.3321395,3.8042683333333,1425550344000
50.332283333333,3.8042636666667,1425550349000
50.332517666667,3.8045445,1425550354000
50.332727333333,3.8049015,1425550359000
50.3329435,3.8051168333333,1425550364000
50.333227833333,3.8051898333333,1425550370000
51.000116833333,3.8052355,1425550375000
51.000299833333,3.8052351666667,1425550380000
51.000397333333,3.8053188333333,1425550385000
51.000497,3.8053513333333,1425550390000
51.000602166667,3.8054308333333,1425550394000
51.000628833333,3.8054835,1425550399000
51.000667666667,3.8055603333333,1425550405000
51.000808666667,3.8056188333333,1425550410000
51.0009685,3.8054296666667,1425550415000
51.0011085,3.8051353333333,1425550419000
51.001242833333,3.8048566666667,1425550424000
51.001334666667,3.8046208333333,1425550429000
51.0015175,3.8043331666667,1425550434000
51.001685166667,3.8040395,1425550439000
51.0018535,3.803759,1425550444000
51.0020115,3.8034911666667,1425550449000
51.002168833333,3.8031968333333,1425550454000
51.002306333333,3.8029188333333,1425550459000
51.002454666667,3.8026576666667,1425550464000
51.002587666667,3.8023746666667,1425550469000
51.002738333333,3.8020711666667,1425550474000
51.002901166667,3.8017878333333,1425550479000
51.003062,3.801509,1425550484000
51.003227666667,3.8012196666667,1425550489000
51.0033935,3.8009258333333,1425550494000
51.003545666667,3.8006541666667,1425550499000
51.003651833333,3.8003735,1425550504000
51.003798666667,3.8000483333333,1425550509000
51.0039545,3.7997218333333,1425550514000
51.004114,3.7994578333333,1425550519000
51.004255333333,3.7992136666667,1425550524000
51.004373666667,3.7989375,1425550529000
51.004513666667,3.7986601666667,1425550534000
51.004667833333,3.7984401666667,1425550539000
51.004863,3.7981491666667,1425550544000
51.005027666667,3.7978508333333,1425550549000
51.005195833333,3.797653,1425550554000
51.005373,3.7973828333333,1425550559000
51.005552166667,3.7971145,1425550564000
51.005733833333,3.7968343333333,1425550569000
51.005924,3.7965913333333,1425550574000
51.006075666667,3.7964253333333,1425550579000
51.006265833333,3.796201,1425550584000
51.006429166667,3.7960383333333,1425550589000
51.006595666667,3.7958561666667,1425550594000
51.0067825,3.7956216666667,1425550599000
51.006998,3.7953043333333,1425550604000
51.007221833333,3.7950376666667,1425550609000
51.007453333333,3.7947443333333,1425550614000
51.007667666667,3.7944788333333,1425550619000
51.007844333333,3.7942478333333,1425550624000
51.008049166667,3.7939918333333,1425550629000
51.008239833333,3.7937205,1425550634000
51.008445,3.7934621666667,1425550639000
51.0086395,3.7932121666667,1425550644000
51.008833333333,3.7929826666667,1425550649000
51.0090435,3.7927283333333,1425550654000
51.0092315,3.7925193333333,1425550659000
51.009457833333,3.7922653333333,1425550664000
51.009677333333,3.7920118333333,1425550669000
51.009877,3.7918226666667,1425550674000
51.010045166667,3.7915961666667,1425550679000
51.010248833333,3.7913276666667,1425550684000
51.010479,3.7910561666667,1425550689000
51.010655833333,3.7908466666667,1425550694000
51.010841166667,3.7906155,1425550699000
51.011009666667,3.79041,1425550704000
51.01128,3.7900685,1425550709000
51.011459,3.789794,1425550714000
51.011656,3.7895721666667,1425550719000
51.011843,3.7893578333333,1425550724000
51.012019833333,3.789108,1425550729000
51.012201666667,3.7888876666667,1425550734000
51.012389666667,3.7886323333333,1425550739000
51.0126255,3.7883611666667,1425550744000
51.012809333333,3.7881138333333,1425550749000
51.0130015,3.7878696666667,1425550754000
51.0131915,3.787575,1425550759000
51.013379833333,3.7873915,1425550764000
51.013580166667,3.7871421666667,1425550769000
51.013777166667,3.7868566666667,1425550774000
51.0139815,3.7865816666667,1425550779000
51.014165,3.786339,1425550784000
51.014340333333,3.7861271666667,1425550789000
51.014528833333,3.7858838333333,1425550794000
51.0147195,3.785621,1425550799000
51.014901,3.7853851666667,1425550804000
51.015072166667,3.7851375,1425550809000
51.015244666667,3.784919,1425550814000
51.015445333333,3.7846636666667,1425550819000
51.015620833333,3.784425,1425550824000
51.015795166667,3.7842165,1425550829000
51.0159935,3.7839758333333,1425550834000
51.016162166667,3.7837548333333,1425550839000
51.0163645,3.7835051666667,1425550844000
51.016554833333,3.7832715,1425550849000
51.016703166667,3.7830811666667,1425550854000
51.0168915,3.7828056666667,1425550859000
51.017068833333,3.7825753333333,1425550864000
51.017277333333,3.782314,1425550869000
51.017479333333,3.7820786666667,1425550874000
51.017667333333,3.7818645,1425550879000
51.0178445,3.7816503333333,1425550884000
51.018057166667,3.7813813333333,1425550890000
51.018247166667,3.7811546666667,1425550895000
51.018446833333,3.7809135,1425550900000
51.0186415,3.780658,1425550905000
51.018835,3.7804106666667,1425550910000
51.019056666667,3.7801825,1425550915000
51.019228666667,3.7800041666667,1425550920000
51.019382166667,3.7797263333333,1425550925000
51.019551333333,3.7794866666667,1425550930000
51.019727333333,3.7792695,1425550935000
51.019915333333,3.7790291666667,1425550940000
51.020096,3.7788266666667,1425550945000
51.020275833333,3.7785938333333,1425550950000
51.020458833333,3.778377,1425550955000
51.020640333333,3.7781373333333,1425550960000
51.020836666667,3.7778883333333,1425550965000
51.0210285,3.77767,1425550970000
51.021220166667,3.7774281666667,1425550975000
51.021381833333,3.7771956666667,1425550980000
51.021571,3.7769476666667,1425550985000
51.021776166667,3.7767135,1425550990000
51.021951666667,3.7764926666667,1425550995000
51.022174833333,3.7762205,1425551001000
51.022361833333,3.7759843333333,1425551006000
51.022558166667,3.7757645,1425551011000
51.022753833333,3.7755256666667,1425551016000
51.022879166667,3.7753596666667,1425551020000
51.0231675,3.7750505,1425551026000
51.023307166667,3.7748868333333,1425551030000
51.023490666667,3.7746358333333,1425551035000
51.023696,3.7743661666667,1425551040000
51.023920166667,3.7740555,1425551046000
51.024100166667,3.7738448333333,1425551051000
51.024299666667,3.7736025,1425551056000
51.024445166667,3.7733781666667,1425551061000
51.024594666667,3.7731795,1425551066000
51.0248465,3.7732328333333,1425551071000
51.025014666667,3.7735115,1425551076000
51.025149833333,3.773803,1425551081000
51.025288833333,3.7740728333333,1425551086000
51.025422166667,3.774273,1425551091000
51.025501666667,3.7744046666667,1425551096000
51.025538666667,3.7744675,1425551101000
51.025553,3.7744803333333,1425551106000
51.025549166667,3.7744795,1425551111000
51.025547166667,3.7744868333333,1425551116000
51.0255455,3.774486,1425551121000
51.025549833333,3.7744943333333,1425551126000
51.025545,3.774503,1425551131000
51.0255425,3.7745106666667,1425551136000
51.025535166667,3.7745151666667,1425551141000
51.025536,3.7745261666667,1425551146000
51.025550166667,3.7745188333333,1425551151000
51.025585,3.7745351666667,1425551156000
51.029449,3.7703308333333,1425555629000
51.0296565,3.7705285,1425555634000
51.029834666667,3.7708043333333,1425555639000
51.030062833333,3.771106,1425555644000
51.03025,3.7712171666667,1425555649000
51.030538,3.7710853333333,1425555654000
51.030793666667,3.7708858333333,1425555659000
51.0318605,3.7698951666667,1425555683000
51.032058166667,3.7696541666667,1425555688000
51.032243333333,3.7694206666667,1425555693000
51.0324465,3.7692135,1425555698000
51.032653333333,3.7690146666667,1425555703000
51.032854833333,3.768848,1425555708000
51.033066333333,3.7686748333333,1425555713000
51.033262,3.7684775,1425555718000
51.033484333333,3.7681688333333,1425555724000
51.033657,3.7679048333333,1425555729000
51.033821333333,3.767637,1425555734000
51.033959166667,3.7673938333333,1425555738000
51.034128,3.767138,1425555743000
51.034301666667,3.7668883333333,1425555748000
51.03446,3.766647,1425555753000
51.034623166667,3.7663841666667,1425555758000
51.034808166667,3.7661063333333,1425555763000
51.034973333333,3.7658408333333,1425555768000
51.035138666667,3.7655713333333,1425555773000
51.0352845,3.7652728333333,1425555778000
51.035464,3.7649908333333,1425555783000
51.035655166667,3.7647171666667,1425555788000
51.0358285,3.7644543333333,1425555793000
51.0360255,3.7642371666667,1425555798000
51.036256333333,3.7640825,1425555803000
51.0365005,3.7639513333333,1425555808000
51.036746,3.7638243333333,1425555813000
51.036981833333,3.7637028333333,1425555818000
51.037178333333,3.7636446666667,1425555823000
51.037325333333,3.7635376666667,1425555828000
51.037639833333,3.7633408333333,1425555833000
51.037878333333,3.763265,1425555838000
51.0381215,3.7632125,1425555843000
51.0383595,3.7631263333333,1425555848000
51.038624666667,3.763074,1425555853000
51.0388685,3.762994,1425555858000
51.03912,3.7629205,1425555863000
51.039376666667,3.7628383333333,1425555868000
51.03962,3.762749,1425555873000
51.039865,3.7626345,1425555878000
51.040094666667,3.7625291666667,1425555883000
51.040310166667,3.7624095,1425555888000
51.040514333333,3.7622911666667,1425555893000
51.0406865,3.7622916666667,1425555898000
51.040716333333,3.7622933333333,1425555903000
51.040764833333,3.762266,1425555908000
51.0408105,3.7622423333333,1425555913000
51.040852,3.7622328333333,1425555918000
51.040864,3.7622378333333,1425555923000
51.040865166667,3.7622458333333,1425555928000
51.040863,3.7622538333333,1425555933000
51.040864666667,3.762244,1425555938000
51.040873,3.7622296666667,1425555943000
51.040889,3.7622171666667,1425555948000
51.0409035,3.76221,1425555953000
51.040914666667,3.7622048333333,1425555958000
51.040924166667,3.762199,1425555963000
51.040931,3.762194,1425555968000
51.040933166667,3.7621925,1425555973000
51.0409335,3.7621916666667,1425555978000
51.040930666667,3.7621945,1425555983000
51.0409265,3.7621983333333,1425555988000
51.040918833333,3.7622028333333,1425555993000
51.0409115,3.762208,1425555998000
51.040907666667,3.7622126666667,1425556003000
51.040906333333,3.7622153333333,1425556008000
51.040904833333,3.762215,1425556013000
51.0409015,3.7622133333333,1425556018000
51.0408985,3.7622111666667,1425556023000
51.040897833333,3.7622086666667,1425556028000
51.040898,3.7622093333333,1425556033000
51.040897,3.7622108333333,1425556038000
51.0408965,3.7622108333333,1425556043000
51.040897166667,3.7622073333333,1425556048000
51.040897833333,3.762201,1425556053000
51.0408975,3.7621983333333,1425556059000
51.040897,3.7621986666667,1425556063000
51.040896666667,3.7621978333333,1425556068000
51.040896,3.7621975,1425556074000
51.040893333333,3.7622016666667,1425556078000
51.040890833333,3.7622021666667,1425556083000
51.040886833333,3.7622098333333,1425556088000
51.040885333333,3.7622145,1425556094000
51.040886333333,3.7622156666667,1425556099000
51.0408845,3.7622206666667,1425556104000
51.0408845,3.7622206666667,1425556104000
51.040934166667,3.7621945,1425556182000
51.040918166667,3.7621926666667,1425556187000
51.040916166667,3.7621938333333,1425556192000
51.040924166667,3.762189,1425556197000
51.040925666667,3.7621851666667,1425556202000
51.040930833333,3.7621866666667,1425556207000
51.040932833333,3.7621768333333,1425556212000
51.040938166667,3.7621746666667,1425556217000
51.0409445,3.7621768333333,1425556222000
51.040942833333,3.7621765,1425556227000
51.040944,3.7621653333333,1425556232000
51.040945833333,3.7621528333333,1425556237000
51.040937166667,3.7621505,1425556243000
51.040932333333,3.762136,1425556247000
51.040927666667,3.7621358333333,1425556252000
51.040924333333,3.7621355,1425556257000
51.04092,3.7621298333333,1425556262000
51.040915333333,3.7621303333333,1425556267000
51.040913833333,3.7621331666667,1425556272000
51.0409135,3.7621365,1425556277000
51.040913,3.7621415,1425556282000
51.040917333333,3.7621446666667,1425556287000
51.040930166667,3.7621523333333,1425556292000
51.040929,3.7621575,1425556297000
51.040921666667,3.7621403333333,1425556302000
51.0409145,3.7621335,1425556307000
51.0408975,3.7621366666667,1425556312000
51.0408975,3.762148,1425556317000
51.040885333333,3.7621201666667,1425556322000
51.040891833333,3.7621138333333,1425556327000
51.040894333333,3.762122,1425556332000
51.040889166667,3.762119,1425556337000
51.0408945,3.762138,1425556342000
51.040897833333,3.7621458333333,1425556347000
51.040897666667,3.7621386666667,1425556352000
51.040896166667,3.7621353333333,1425556357000
51.0408925,3.7621363333333,1425556362000
51.0408915,3.7621365,1425556363000
51.040947,3.7622366666667,1425556504000
51.0409495,3.7622956666667,1425556509000
51.040959166667,3.7623586666667,1425556514000
51.040998166667,3.7623846666667,1425556519000
51.041040166667,3.7623733333333,1425556524000
51.041063833333,3.7623531666667,1425556529000
51.0410635,3.7623471666667,1425556534000
51.041063166667,3.762355,1425556539000
51.041063,3.7623621666667,1425556545000
51.041062666667,3.7623653333333,1425556549000
51.041055833333,3.7623875,1425556554000
51.041055666667,3.7623886666667,1425556559000
51.041053833333,3.7623893333333,1425556564000
51.041054,3.7623856666667,1425556569000
51.041053,3.7623841666667,1425556574000
51.041050666667,3.7623891666667,1425556579000
51.041047666667,3.7623975,1425556584000
51.041046,3.7624033333333,1425556589000
51.041047,3.7624028333333,1425556594000
51.041048333333,3.7624,1425556599000
51.041050333333,3.7623975,1425556604000
51.0410505,3.7623988333333,1425556609000
51.0410505,3.7623998333333,1425556614000
51.0410485,3.7623995,1425556619000
51.041046,3.7623985,1425556624000
51.041043333333,3.7624018333333,1425556629000
51.0410395,3.7624066666667,1425556634000
51.041036166667,3.7624098333333,1425556639000
51.041037666667,3.7624093333333,1425556644000
51.0410355,3.7624126666667,1425556649000
51.041033333333,3.762413,1425556654000
51.041030833333,3.7624243333333,1425556659000
51.0410295,3.7624346666667,1425556664000
51.0410305,3.7624423333333,1425556669000
51.041031,3.7624446666667,1425556674000
51.041029666667,3.7624373333333,1425556679000
51.041025333333,3.7624445,1425556684000
51.0410215,3.762442,1425556689000
51.041020666667,3.7624433333333,1425556694000
51.041022166667,3.7624468333333,1425556699000
51.04102,3.762444,1425556704000
51.0410215,3.7624405,1425556707000
51.041042666667,3.7624276666667,1425556911000
51.041054333333,3.7624275,1425556917000
51.041093833333,3.7624281666667,1425556922000
51.041182666667,3.762423,1425556927000
51.0412285,3.76231,1425556932000
51.041282,3.762182,1425556937000
51.041379833333,3.762031,1425556942000
51.041493,3.7619448333333,1425556947000
51.041628666667,3.7619103333333,1425556952000
51.041776,3.7618673333333,1425556957000
51.041926333333,3.7618443333333,1425556962000
51.042055333333,3.7620766666667,1425556967000
51.042125,3.7623681666667,1425556972000
51.042171666667,3.7626058333333,1425556977000
51.042323166667,3.7626661666667,1425556982000
51.0425355,3.7626811666667,1425556987000
51.042734333333,3.7626405,1425556992000
51.0428635,3.7625021666667,1425556997000
51.042992,3.762285,1425557002000
51.043117833333,3.7620458333333,1425557007000
51.0432495,3.7618346666667,1425557012000
51.043374833333,3.7616026666667,1425557017000
51.043506,3.761439,1425557022000
51.043613666667,3.76125,1425557027000
51.043734,3.7610815,1425557032000
51.0438555,3.7608393333333,1425557037000
51.043972666667,3.7606191666667,1425557042000
51.044098666667,3.7604838333333,1425557047000
51.044216166667,3.7602318333333,1425557052000
51.044322333333,3.759985,1425557057000
51.044480833333,3.7595795,1425557062000
51.044557166667,3.7593073333333,1425557068000
51.044548166667,3.7591068333333,1425557073000
51.0446085,3.759016,1425557078000
51.044730833333,3.7589948333333,1425557082000
51.044894333333,3.7589326666667,1425557087000
51.045096333333,3.7587866666667,1425557093000
51.045353166667,3.7585733333333,1425557098000
51.045442833333,3.7583406666667,1425557102000
51.045443166667,3.7579015,1425557108000
51.0454075,3.757592,1425557113000
51.0453795,3.7572933333333,1425557118000
51.045324333333,3.7570848333333,1425557123000
51.045214666667,3.7568328333333,1425557128000
51.045155,3.7566456666667,1425557132000
51.045101333333,3.756416,1425557137000
51.045067666667,3.7561083333333,1425557142000
51.045138666667,3.7559533333333,1425557147000
51.045275,3.7558518333333,1425557152000
51.045461333333,3.755745,1425557158000
51.045606,3.7556275,1425557162000
51.0458065,3.7556426666667,1425557167000
51.045994833333,3.7555651666667,1425557172000
51.0461825,3.755522,1425557177000
51.04636,3.7554613333333,1425557182000
51.0465065,3.7554015,1425557187000
51.046650833333,3.7553488333333,1425557192000
51.046821833333,3.7552858333333,1425557198000
51.0469575,3.755241,1425557202000
51.047221,3.755156,1425557208000
51.047412833333,3.7550358333333,1425557213000
51.047554166667,3.754896,1425557218000
51.047664833333,3.7548211666667,1425557223000
51.047603333333,3.7549546666667,1425557228000
51.047457666667,3.7551193333333,1425557233000
51.047319666667,3.7552508333333,1425557238000
51.0471575,3.7553531666667,1425557243000
51.047135666667,3.7556578333333,1425557248000
51.04717,3.7560038333333,1425557253000
51.047219666667,3.7563238333333,1425557258000
51.047278833333,3.7566956666667,1425557263000
51.047348666667,3.757002,1425557268000
51.0474295,3.7573066666667,1425557273000
51.0475225,3.7575975,1425557278000
51.047598333333,3.757837,1425557283000
51.047657,3.7580873333333,1425557288000
51.047717833333,3.7583595,1425557293000
51.047785,3.758625,1425557298000
51.047829166667,3.7588653333333,1425557303000
51.047876,3.7591506666667,1425557308000
51.047966833333,3.759437,1425557313000
51.04807,3.7597296666667,1425557318000
51.048157833333,3.759969,1425557323000
51.048206666667,3.7601593333333,1425557328000
51.048282833333,3.7604648333333,1425557333000
51.048396833333,3.7607908333333,1425557338000
51.048506666667,3.7611081666667,1425557343000
51.048595166667,3.761367,1425557348000
51.048706666667,3.7615021666667,1425557353000
51.048903166667,3.761437,1425557358000
51.049090333333,3.7613065,1425557363000
51.049257166667,3.7612008333333,1425557368000
51.049404333333,3.7611596666667,1425557373000
51.049567833333,3.7610995,1425557378000
51.049769,3.761107,1425557383000
51.049895166667,3.761378,1425557388000
51.049961,3.7616683333333,1425557393000
51.0500235,3.761971,1425557398000
51.050106166667,3.762271,1425557403000
51.050160166667,3.7625478333333,1425557408000
51.050229833333,3.7627846666667,1425557413000
51.050272833333,3.7630506666667,1425557418000
51.050346,3.7633118333333,1425557423000
51.050527,3.7634305,1425557428000
51.050684,3.7633133333333,1425557433000
51.050861,3.7631743333333,1425557438000
51.0510445,3.7631055,1425557443000
51.0512345,3.7630663333333,1425557448000
51.051415333333,3.7630606666667,1425557453000
51.051603333333,3.7630815,1425557458000
51.051804833333,3.7630928333333,1425557463000
51.051966333333,3.763121,1425557468000
51.052146833333,3.7631685,1425557473000
51.052315333333,3.7631088333333,1425557478000
51.052490833333,3.7630573333333,1425557483000
51.052683,3.7629286666667,1425557488000
51.052870166667,3.7629366666667,1425557493000
51.0530785,3.7629173333333,1425557498000
51.0533065,3.7628433333333,1425557503000
51.053493666667,3.7627706666667,1425557508000
51.053680666667,3.7627155,1425557513000
51.0538715,3.7626393333333,1425557518000
51.054075666667,3.762539,1425557523000
51.054274166667,3.7624543333333,1425557528000
51.054459,3.7623735,1425557533000
51.054643833333,3.7622895,1425557538000
51.054837833333,3.7623288333333,1425557543000
51.054974666667,3.7625831666667,1425557548000
51.05511,3.7628403333333,1425557553000
51.055223333333,3.7630881666667,1425557558000
51.055385,3.763149,1425557563000
51.055567,3.7632296666667,1425557568000
51.055628166667,3.7635338333333,1425557573000
51.055663833333,3.7637965,1425557578000
51.0557065,3.7640868333333,1425557583000
51.055750166667,3.7644395,1425557588000
51.055827,3.7647851666667,1425557593000
51.055863166667,3.7651063333333,1425557598000
51.055924333333,3.7654353333333,1425557603000
51.055948666667,3.7657045,1425557608000
51.055960333333,3.7659785,1425557613000
51.056012333333,3.7662913333333,1425557618000
51.0560715,3.7666111666667,1425557623000
51.056078666667,3.7669098333333,1425557628000
51.05613,3.767222,1425557633000
51.056151833333,3.7675441666667,1425557638000
51.056165166667,3.7678096666667,1425557643000
51.056192666667,3.7681185,1425557648000
51.056240333333,3.7684155,1425557653000
51.0562775,3.7687288333333,1425557658000
51.056320333333,3.7690208333333,1425557663000
51.056372,3.769317,1425557668000
51.056418833333,3.7696233333333,1425557673000
51.056467166667,3.769904,1425557678000
51.056494833333,3.77018,1425557683000
51.05652,3.7704518333333,1425557688000
51.056542,3.770704,1425557693000
51.056573333333,3.7709701666667,1425557698000
51.056542666667,3.7713476666667,1425557703000
51.056501,3.7716918333333,1425557708000
51.0564815,3.7720115,1425557713000
51.056444333333,3.7723245,1425557718000
51.056436333333,3.7725731666667,1425557723000
51.056472833333,3.7727403333333,1425557728000
51.056603333333,3.7727981666667,1425557733000
51.0567195,3.7727476666667,1425557738000
51.056828,3.7726628333333,1425557743000
51.056986166667,3.7725725,1425557748000
51.057114833333,3.7724936666667,1425557753000
51.057277833333,3.7724866666667,1425557758000
51.0573025,3.7726316666667,1425557763000
51.057336333333,3.7728731666667,1425557768000
51.057359166667,3.7731018333333,1425557773000
51.0573785,3.7733611666667,1425557778000
51.057538666667,3.7735568333333,1425557783000
51.057720666667,3.7736453333333,1425557788000
51.057922,3.7737605,1425557794000
51.058086833333,3.7738443333333,1425557799000
51.058267833333,3.7739488333333,1425557804000
51.058458,3.7740511666667,1425557809000
51.058644833333,3.774129,1425557814000
51.058806166667,3.7741955,1425557819000
51.0589825,3.7742635,1425557824000
51.059145666667,3.7743405,1425557829000
51.059295833333,3.774424,1425557834000
51.059437,3.774489,1425557839000
51.059608,3.7745578333333,1425557844000
51.0596905,3.774761,1425557849000
51.059722333333,3.774857,1425557854000
51.059744666667,3.774923,1425557859000
51.059763333333,3.7749836666667,1425557864000
51.059767833333,3.7750558333333,1425557869000
51.05976,3.7752286666667,1425557874000
51.059755333333,3.7754915,1425557879000
51.059736,3.7757288333333,1425557884000
51.059890166667,3.7759766666667,1425557889000
51.060072833333,3.7761618333333,1425557894000
51.060323833333,3.7762865,1425557900000
51.060587166667,3.7764561666667,1425557905000
51.060815166667,3.7765348333333,1425557910000
51.0610095,3.7766071666667,1425557915000
51.061213333333,3.7767036666667,1425557920000
51.061431333333,3.7768288333333,1425557925000
51.061603,3.776955,1425557930000
51.061781,3.77708,1425557935000
51.062025833333,3.7772835,1425557940000
51.062201166667,3.7774106666667,1425557945000
51.0624705,3.7775558333333,1425557950000
51.0627375,3.7776185,1425557955000
51.062949833333,3.7776301666667,1425557960000
51.0630915,3.7776816666667,1425557965000
51.063117166667,3.7779311666667,1425557970000
51.063065333333,3.7781581666667,1425557975000
51.063061,3.778435,1425557980000
51.063088,3.7787733333333,1425557985000
51.0630945,3.7790383333333,1425557990000
51.063137166667,3.7793691666667,1425557995000
51.063177166667,3.7797393333333,1425558000000
51.063177833333,3.7801075,1425558005000
51.063209,3.78047,1425558010000
51.0631735,3.7808248333333,1425558015000
51.063160833333,3.7811596666667,1425558020000
51.063159666667,3.781505,1425558025000
51.063194333333,3.7818505,1425558030000
51.063237833333,3.7822053333333,1425558035000
51.063279,3.782531,1425558040000
51.063328333333,3.782866,1425558045000
51.063384833333,3.7831903333333,1425558050000
51.063425,3.7834776666667,1425558055000
51.0634475,3.7837121666667,1425558060000
51.063463666667,3.7839553333333,1425558065000
51.063479333333,3.7841195,1425558070000
51.063572333333,3.78441,1425558075000
51.0635895,3.7847741666667,1425558080000
51.063612833333,3.7850453333333,1425558085000
51.0636855,3.785271,1425558090000
51.063757,3.7855665,1425558095000
51.063828666667,3.7859201666667,1425558100000
51.063879833333,3.7862156666667,1425558105000
51.063877166667,3.7864778333333,1425558110000
51.0639365,3.7867565,1425558115000
51.064012833333,3.7871036666667,1425558120000
51.064050666667,3.7873196666667,1425558125000
51.064113666667,3.787597,1425558130000
51.064124833333,3.7878133333333,1425558135000
51.064154833333,3.7880126666667,1425558140000
51.064207333333,3.7882045,1425558145000
51.064221166667,3.7883796666667,1425558150000
51.064225166667,3.7885968333333,1425558155000
51.064226833333,3.7888023333333,1425558160000
51.064240666667,3.7890135,1425558165000
51.064276,3.7892768333333,1425558170000
51.064336166667,3.789552,1425558175000
51.064377833333,3.7898603333333,1425558180000
51.064427333333,3.7902208333333,1425558185000
51.06448,3.7905723333333,1425558190000
51.064561,3.7909223333333,1425558195000
51.064633666667,3.7912966666667,1425558200000
51.064747666667,3.7917595,1425558205000
51.064733333333,3.7920936666667,1425558210000
51.064673166667,3.7922368333333,1425558215000
51.064589,3.7923226666667,1425558220000
51.064497833333,3.7923595,1425558225000
51.064425666667,3.7923821666667,1425558230000
51.064315666667,3.7924138333333,1425558235000
51.064213333333,3.79239,1425558240000
51.0640875,3.7923966666667,1425558245000
51.063959166667,3.7923855,1425558250000
51.0637825,3.7923786666667,1425558255000
51.063591666667,3.7923488333333,1425558260000
51.063458833333,3.7923413333333,1425558265000
51.063289333333,3.7923395,1425558270000
51.063042666667,3.7923528333333,1425558275000
51.062805666667,3.7923641666667,1425558280000
51.062579333333,3.7923785,1425558285000
51.062360833333,3.7924026666667,1425558290000
51.062146833333,3.7924203333333,1425558295000
51.061922666667,3.792432,1425558300000
51.061713666667,3.7924483333333,1425558305000
51.061527166667,3.79246,1425558310000
51.061318833333,3.7924723333333,1425558315000
51.061081,3.792479,1425558320000
51.060834666667,3.7925068333333,1425558325000
51.060645,3.792577,1425558330000
51.060458,3.7926893333333,1425558335000
51.060254166667,3.792812,1425558340000
51.060156666667,3.7930206666667,1425558345000
51.060198,3.7932853333333,1425558350000
51.0602355,3.7936126666667,1425558355000
51.060260333333,3.7939058333333,1425558360000
51.060255333333,3.7941475,1425558365000
51.060302166667,3.794458,1425558370000
51.0603555,3.7947176666667,1425558375000
51.060389666667,3.7950108333333,1425558380000
51.060435,3.7952535,1425558385000
51.060468666667,3.795565,1425558390000
51.060492,3.7958526666667,1425558395000
51.060485166667,3.7961641666667,1425558400000
51.060507,3.7964235,1425558405000
51.060554,3.7965603333333,1425558410000
51.060701833333,3.7965698333333,1425558415000
51.060885333333,3.7965225,1425558420000
51.061070666667,3.7964783333333,1425558425000
51.0612795,3.7964016666667,1425558430000
51.061499166667,3.7963396666667,1425558435000
51.061702166667,3.7963881666667,1425558440000
51.061872,3.7964008333333,1425558445000
51.061928333333,3.7961143333333,1425558450000
51.061947666667,3.7957763333333,1425558455000
51.0619565,3.7954681666667,1425558460000
51.061951666667,3.7951485,1425558465000
51.061933,3.7948273333333,1425558470000
51.061926,3.794491,1425558475000
51.061918166667,3.7940966666667,1425558481000
51.061972,3.7938208333333,1425558486000
51.062159666667,3.7937205,1425558491000
51.062345833333,3.7937013333333,1425558496000
51.0625145,3.7937886666667,1425558501000
51.0625645,3.7940465,1425558506000
51.062588666667,3.7943045,1425558511000
51.062598333333,3.7945393333333,1425558516000
51.0626745,3.7948058333333,1425558521000
51.0629235,3.7949848333333,1425558526000
51.063109166667,3.7950255,1425558531000
51.063281,3.7949708333333,1425558536000
51.0633105,3.7947461666667,1425558541000
51.063309,3.79448,1425558546000
51.063277833333,3.7942173333333,1425558551000
51.063238833333,3.7939113333333,1425558556000
51.063243666667,3.793589,1425558561000
51.063221833333,3.7933185,1425558566000
51.063217,3.793064,1425558571000
51.063287333333,3.7928136666667,1425558576000
51.063482333333,3.7926366666667,1425558581000
51.063750666667,3.7925348333333,1425558587000
51.063942333333,3.7925341666667,1425558592000
51.064120666667,3.7925393333333,1425558597000
51.0642055,3.7926431666667,1425558602000
51.064180833333,3.7927535,1425558607000
51.064173666667,3.7930645,1425558612000
51.064183,3.7934188333333,1425558617000
51.064194666667,3.793782,1425558622000
51.064202833333,3.7942193333333,1425558627000
51.064192,3.794525,1425558632000
51.064243833333,3.7948448333333,1425558637000
51.064495666667,3.7950135,1425558642000
51.064726666667,3.7950358333333,1425558647000
51.064945166667,3.7951346666667,1425558652000
51.065137666667,3.7952268333333,1425558657000
51.0653715,3.7953393333333,1425558662000
51.065582,3.7954306666667,1425558667000
51.065786833333,3.7955285,1425558672000
51.065988833333,3.795587,1425558677000
51.066168666667,3.795631,1425558682000
51.066265333333,3.7954585,1425558687000
51.066348666667,3.7951495,1425558692000
51.066428,3.7948573333333,1425558697000
51.066544833333,3.7946395,1425558702000
51.066698,3.7946988333333,1425558707000
51.066879666667,3.7947933333333,1425558712000
51.067043666667,3.794906,1425558717000
51.0672055,3.79504,1425558722000
51.0673625,3.7951931666667,1425558727000
51.067453666667,3.7954063333333,1425558732000
51.0674805,3.7956335,1425558737000
51.067514833333,3.7959023333333,1425558742000
51.067567333333,3.796215,1425558747000
51.067624666667,3.7965651666667,1425558752000
51.067684833333,3.7969543333333,1425558757000
51.067727166667,3.7973065,1425558762000
51.067766166667,3.7976478333333,1425558767000
51.0677705,3.797846,1425558772000
51.067795,3.7980736666667,1425558777000
51.067781166667,3.7983746666667,1425558782000
51.067655666667,3.7985231666667,1425558787000
51.067480166667,3.7985308333333,1425558792000
51.067278166667,3.7985116666667,1425558797000
51.067062,3.7985036666667,1425558802000
51.0668635,3.7985283333333,1425558807000
51.066777166667,3.798788,1425558812000
51.06676,3.7990186666667,1425558817000
51.066771,3.7992538333333,1425558822000
51.066771333333,3.7994788333333,1425558827000
51.066772666667,3.7998388333333,1425558832000
51.066822333333,3.800152,1425558837000
51.066838833333,3.8004156666667,1425558842000
51.0669035,3.8007418333333,1425558847000
51.0669485,3.801031,1425558852000
51.067015666667,3.8013341666667,1425558857000
51.067052666667,3.8016291666667,1425558862000
51.067058833333,3.801885,1425558867000
51.067053833333,3.8022855,1425558872000
51.067094333333,3.8027073333333,1425558877000
51.0669945,3.8030193333333,1425558882000
51.0669435,3.803381,1425558887000
51.066961166667,3.8037895,1425558892000
51.066975666667,3.8041723333333,1425558897000
51.066986833333,3.8045853333333,1425558902000
51.066984,3.8049493333333,1425558907000
51.067141833333,3.8051096666667,1425558912000
51.067378333333,3.8051136666667,1425558917000
51.067575666667,3.8049981666667,1425558922000
51.067717833333,3.8047988333333,1425558927000
51.067771333333,3.8045775,1425558932000
51.067747166667,3.8043378333333,1425558937000
51.067672333333,3.8041591666667,1425558942000
51.0676805,3.8038666666667,1425558947000
51.067690666667,3.8035578333333,1425558952000
51.067691666667,3.8033058333333,1425558957000
51.067814333333,3.802981,1425558962000
51.067959166667,3.8027466666667,1425558967000
51.068124333333,3.8025013333333,1425558972000
51.068321666667,3.8023591666667,1425558977000
51.068377833333,3.8024626666667,1425558982000
51.068409833333,3.8026461666667,1425558987000
51.068429333333,3.802908,1425558992000
51.068439,3.8031878333333,1425558997000
51.068452833333,3.8034595,1425559002000
51.068427833333,3.803729,1425559007000
51.068402166667,3.8040453333333,1425559012000
51.068375333333,3.8043951666667,1425559017000
51.068335166667,3.8046756666667,1425559022000
51.068298166667,3.8049518333333,1425559027000
51.068250166667,3.8052201666667,1425559032000
51.068216,3.8055041666667,1425559037000
51.068183833333,3.805746,1425559042000
51.068142,3.8060421666667,1425559047000
51.068114666667,3.8062748333333,1425559052000
51.068273833333,3.8064306666667,1425559057000
51.0685515,3.8065115,1425559063000
51.068745333333,3.8065471666667,1425559067000
51.068975833333,3.80671,1425559073000
51.068952666667,3.8070171666667,1425559078000
51.068905833333,3.8073443333333,1425559083000
51.068856,3.8076995,1425559088000
51.0688145,3.8079778333333,1425559092000
51.068746666667,3.8082653333333,1425559097000
51.0686675,3.8084985,1425559103000
51.068676666667,3.8088471666667,1425559108000
51.068590166667,3.8091756666667,1425559113000
51.068528833333,3.8094456666667,1425559118000
51.068370166667,3.8095566666667,1425559123000
51.068240166667,3.8096605,1425559128000
51.0680685,3.8097286666667,1425559133000
51.067908166667,3.8098561666667,1425559138000
51.067795333333,3.8100995,1425559143000
51.067711333333,3.8103035,1425559148000
51.067625666667,3.8105003333333,1425559153000
51.067563,3.8108255,1425559158000
51.067520166667,3.811154,1425559163000
51.067472833333,3.811515,1425559168000
51.067418166667,3.8118291666667,1425559173000
51.0673385,3.8121348333333,1425559178000
51.067252,3.8124518333333,1425559183000
51.0671695,3.8127065,1425559188000
51.067069166667,3.8129216666667,1425559193000
51.066958833333,3.8132045,1425559198000
51.067008333333,3.8134913333333,1425559203000
51.067037833333,3.81386,1425559208000
51.067061333333,3.8142221666667,1425559213000
51.067122333333,3.8146061666667,1425559218000
51.0671855,3.8149745,1425559223000
51.067263333333,3.815341,1425559228000
51.067331666667,3.815668,1425559233000
51.067385333333,3.8159833333333,1425559238000
51.067449333333,3.8162095,1425559243000
51.067512333333,3.8165661666667,1425559248000
51.067650833333,3.816948,1425559253000
51.067793,3.8173318333333,1425559258000
51.067924166667,3.8176601666667,1425559263000
51.068065166667,3.8179691666667,1425559268000
51.0681765,3.8182496666667,1425559273000
51.068291,3.8185316666667,1425559278000
51.068405166667,3.8188026666667,1425559283000
51.068517333333,3.8190665,1425559288000
51.068630666667,3.8193283333333,1425559293000
51.0687445,3.8196063333333,1425559298000
51.068864,3.8198366666667,1425559303000
51.068960166667,3.8200718333333,1425559308000
51.0690495,3.8203045,1425559313000
51.069181,3.8205863333333,1425559318000
51.069313333333,3.8208696666667,1425559323000
51.069434166667,3.8211431666667,1425559328000
51.069574833333,3.8213963333333,1425559333000
51.069683166667,3.821655,1425559338000
51.069836666667,3.822012,1425559343000
51.069997833333,3.8223338333333,1425559348000
51.070137833333,3.8226401666667,1425559353000
51.070273833333,3.8229371666667,1425559358000
51.070409666667,3.823224,1425559363000
51.070524,3.8235138333333,1425559368000
51.070609333333,3.8237606666667,1425559373000
51.070519666667,3.8239763333333,1425559378000
51.070346333333,3.8240615,1425559383000
51.070108666667,3.8241675,1425559388000
51.069882,3.8242556666667,1425559393000
51.0696605,3.8243396666667,1425559398000
51.0694575,3.8244156666667,1425559403000
51.0692605,3.8244815,1425559408000
51.069073333333,3.8245353333333,1425559413000
51.068938666667,3.8246208333333,1425559418000
51.068944166667,3.824814,1425559423000
51.069015666667,3.8250255,1425559428000
51.0691095,3.8253036666667,1425559433000
51.069213,3.8255993333333,1425559438000
51.069315,3.8259096666667,1425559443000
51.069416666667,3.8262296666667,1425559448000
51.069532166667,3.826546,1425559453000
51.069631333333,3.8268373333333,1425559458000
51.069705,3.827098,1425559463000
51.069781833333,3.8273573333333,1425559468000
51.069876833333,3.8276658333333,1425559473000
51.0699535,3.8279425,1425559478000
51.070055166667,3.8282331666667,1425559483000
51.070141833333,3.8284961666667,1425559488000
51.070234,3.828754,1425559493000
51.0703385,3.8290355,1425559498000
51.070438666667,3.8293271666667,1425559503000
51.070559833333,3.8296248333333,1425559508000
51.070644333333,3.8298631666667,1425559513000
51.070678666667,3.830056,1425559518000
51.070740333333,3.8302095,1425559523000
51.070796333333,3.830382,1425559528000
51.070822,3.8306003333333,1425559533000
51.070695833333,3.830784,1425559538000
51.0705255,3.830943,1425559543000
51.070331,3.831124,1425559548000
51.070121666667,3.8312968333333,1425559553000
51.069922333333,3.8314936666667,1425559558000
51.0697545,3.8316478333333,1425559563000
51.069573833333,3.8318126666667,1425559568000
51.069381,3.831993,1425559573000
51.069173333333,3.8321676666667,1425559578000
51.0689665,3.8323481666667,1425559583000
51.068769333333,3.8325171666667,1425559588000
51.068554833333,3.8326858333333,1425559593000
51.068344833333,3.8328651666667,1425559598000
51.068150833333,3.8330323333333,1425559603000
51.067971833333,3.8332063333333,1425559608000
51.067817333333,3.8333421666667,1425559613000
51.0676635,3.8334096666667,1425559618000
51.067548166667,3.833169,1425559623000
51.067473833333,3.8329688333333,1425559628000
51.067425166667,3.8327585,1425559633000
51.067321,3.8324983333333,1425559638000
51.067223666667,3.8322143333333,1425559643000
51.067103333333,3.8319683333333,1425559648000
51.066994,3.8316958333333,1425559653000
51.066876166667,3.8314215,1425559658000
51.066747166667,3.8311443333333,1425559663000
51.066572333333,3.830851,1425559668000
51.0664335,3.8305593333333,1425559673000
51.066268,3.8302755,1425559678000
51.066177333333,3.8300105,1425559683000
51.065997666667,3.8299866666667,1425559688000
51.065808666667,3.8301221666667,1425559693000
51.0656205,3.830248,1425559698000
51.0654265,3.8304213333333,1425559703000
51.0652375,3.8306086666667,1425559708000
51.065043,3.8307548333333,1425559713000
51.064841833333,3.8309036666667,1425559718000
51.064661166667,3.831053,1425559723000
51.064472666667,3.8311885,1425559728000
51.064268333333,3.8313488333333,1425559733000
51.064065333333,3.8315046666667,1425559738000
51.063854666667,3.8316791666667,1425559743000
51.0636675,3.8319055,1425559748000
51.063497166667,3.8321643333333,1425559753000
51.063333666667,3.8324045,1425559758000
51.063173166667,3.8326648333333,1425559763000
51.063023166667,3.8329021666667,1425559768000
51.062872666667,3.833082,1425559773000
51.062687833333,3.8329116666667,1425559779000
51.06253,3.8326926666667,1425559784000
51.062384333333,3.8324863333333,1425559789000
51.062208833333,3.832272,1425559794000
51.0620405,3.8320558333333,1425559799000
51.061900833333,3.8318435,1425559804000
51.061717666667,3.831629,1425559809000
51.061539666667,3.8314045,1425559814000
51.06141,3.8311813333333,1425559819000
51.061248333333,3.8310783333333,1425559824000
51.061062,3.8311905,1425559829000
51.060929,3.8314273333333,1425559834000
51.060816166667,3.8316711666667,1425559839000
51.0607015,3.8319156666667,1425559844000
51.060607,3.8321178333333,1425559849000
51.0604975,3.8323291666667,1425559854000
51.0603985,3.832551,1425559859000
51.060291166667,3.8327961666667,1425559864000
51.0601905,3.8330243333333,1425559869000
51.060056666667,3.8333361666667,1425559875000
51.059963333333,3.8335436666667,1425559879000
51.059857666667,3.8337868333333,1425559884000
51.059752166667,3.8340431666667,1425559889000
51.059646,3.8343021666667,1425559894000
51.059571166667,3.8345753333333,1425559899000
51.059461833333,3.8348561666667,1425559904000
51.0593635,3.835124,1425559909000
51.059218833333,3.8353778333333,1425559914000
51.059113833333,3.8356471666667,1425559919000
51.059007833333,3.8359218333333,1425559924000
51.058878166667,3.8361853333333,1425559929000
51.058741166667,3.8364621666667,1425559934000
51.058615,3.8367628333333,1425559939000
51.058495166667,3.8370788333333,1425559944000
51.058367666667,3.837366,1425559949000
51.058247333333,3.8376803333333,1425559954000
51.0581425,3.8379315,1425559959000
51.058034833333,3.8381623333333,1425559964000
51.057940666667,3.83839,1425559969000
51.057863666667,3.8386175,1425559974000
51.057757666667,3.8387165,1425559979000
51.057632666667,3.8385593333333,1425559984000
51.0574885,3.8383755,1425559989000
51.057298166667,3.8381648333333,1425559994000
51.0570845,3.8379125,1425560000000
51.0569855,3.8377596666667,1425560004000
51.056806833333,3.8375298333333,1425560009000
51.056615166667,3.8373178333333,1425560014000
51.056403,3.8370928333333,1425560019000
51.056224,3.836897,1425560024000
51.056069666667,3.8367086666667,1425560029000
51.055892166667,3.836515,1425560034000
51.055745,3.8363228333333,1425560039000
51.055617166667,3.8361526666667,1425560044000
51.055507333333,3.83598,1425560049000
51.055365,3.835812,1425560054000
51.055216666667,3.835615,1425560059000
51.055068833333,3.8354356666667,1425560064000
51.054918166667,3.8352735,1425560069000
51.054776,3.8351123333333,1425560074000
51.054582666667,3.8349693333333,1425560079000
51.054391666667,3.8348675,1425560084000
51.0542305,3.8348286666667,1425560089000
51.054064666667,3.8348253333333,1425560094000
51.0538925,3.8348631666667,1425560099000
51.053733666667,3.834922,1425560104000
51.053596666667,3.8349973333333,1425560109000
51.053463833333,3.8350695,1425560114000
51.053316166667,3.8351498333333,1425560119000
51.053173,3.8352576666667,1425560124000
51.0530065,3.8353493333333,1425560129000
51.0528185,3.8354588333333,1425560134000
51.052640666667,3.835557,1425560139000
51.052409666667,3.8356876666667,1425560144000
51.052127666667,3.8357873333333,1425560149000
51.0518035,3.8357555,1425560154000
51.051482333333,3.8355933333333,1425560159000
51.051195166667,3.835407,1425560164000
51.050949166667,3.8352923333333,1425560169000
51.0506705,3.8352276666667,1425560174000
51.050376166667,3.8351888333333,1425560179000
51.050096,3.8351738333333,1425560184000
51.0498715,3.8353045,1425560189000
51.049651833333,3.835437,1425560194000
51.049422,3.8355953333333,1425560199000
51.049198,3.8357963333333,1425560204000
51.049056,3.8360405,1425560209000
51.048917666667,3.8362273333333,1425560214000
51.048785,3.8363656666667,1425560219000
51.048667666667,3.8365573333333,1425560224000
51.048561833333,3.8367558333333,1425560229000
51.048451666667,3.8370015,1425560234000
51.048336833333,3.837247,1425560239000
51.048219833333,3.837531,1425560244000
51.048103,3.8378093333333,1425560249000
51.048000833333,3.8380445,1425560254000
51.047912166667,3.8381206666667,1425560259000
51.0478315,3.837878,1425560264000
51.047746166667,3.8375728333333,1425560269000
51.047671333333,3.8372535,1425560274000
51.047545,3.8369305,1425560279000
51.047422833333,3.836585,1425560284000
51.0473215,3.8363113333333,1425560289000
51.047191166667,3.8359896666667,1425560295000
51.047141333333,3.83587,1425560299000
51.047047333333,3.8357601666667,1425560305000
51.046985333333,3.8356901666667,1425560309000
51.046746666667,3.8355048333333,1425560315000
51.046565166667,3.8353633333333,1425560319000
51.046363333333,3.835197,1425560324000
51.046122,3.8349986666667,1425560330000
51.045930166667,3.8348395,1425560335000
51.045716666667,3.834662,1425560340000
51.045531666667,3.8344685,1425560345000
51.045357,3.8342605,1425560350000
51.0451965,3.8341243333333,1425560354000
51.044954166667,3.8341578333333,1425560360000
51.044718333333,3.8342783333333,1425560365000
51.044506333333,3.8344305,1425560370000
51.0443345,3.8345828333333,1425560375000
51.0441505,3.8347501666667,1425560380000
51.043982,3.8349158333333,1425560385000
51.043834833333,3.8350771666667,1425560390000
51.043668333333,3.8351341666667,1425560395000
51.043613,3.8349188333333,1425560400000
51.043552,3.8346478333333,1425560405000
51.043429666667,3.8343645,1425560410000
51.043327833333,3.834087,1425560415000
51.043177833333,3.8338773333333,1425560420000
51.042975833333,3.8336731666667,1425560425000
51.042739666667,3.8334918333333,1425560430000
51.042528333333,3.83328,1425560435000
51.042386333333,3.8330388333333,1425560440000
51.0422565,3.8327805,1425560445000
51.042137,3.8325138333333,1425560450000
51.041974333333,3.83225,1425560455000
51.041818333333,3.8319966666667,1425560460000
51.041719333333,3.8317416666667,1425560465000
51.041599666667,3.8315135,1425560470000
51.041449166667,3.8312658333333,1425560475000
51.041331166667,3.831032,1425560480000
51.041192666667,3.830721,1425560485000
51.041005666667,3.83046,1425560490000
51.040872666667,3.830166,1425560495000
51.04073,3.8299,1425560500000
51.0406055,3.8296778333333,1425560505000
51.040430333333,3.8294715,1425560510000
51.040266,3.8292468333333,1425560515000
51.040116666667,3.8290431666667,1425560520000
51.039993,3.828853,1425560525000
51.0398895,3.8287341666667,1425560530000
51.0397255,3.8286095,1425560535000
51.039552833333,3.8285198333333,1425560540000
51.0393565,3.8284671666667,1425560545000
51.039103166667,3.8285025,1425560550000
51.038824166667,3.8285963333333,1425560555000
51.038623166667,3.8286446666667,1425560560000
51.038459833333,3.8285606666667,1425560565000
51.038309166667,3.8283465,1425560570000
51.0381535,3.8280863333333,1425560575000
51.0380385,3.827823,1425560580000
51.03787,3.8275465,1425560585000
51.037728833333,3.8272518333333,1425560590000
51.0375955,3.8269591666667,1425560595000
51.037452833333,3.82666,1425560600000
51.037317666667,3.8263743333333,1425560605000
51.037174666667,3.8260443333333,1425560611000
51.037074,3.8257938333333,1425560616000
51.037005166667,3.825634,1425560621000
51.037081166667,3.825402,1425560626000
51.0370455,3.8250636666667,1425560631000
51.036915166667,3.824776,1425560636000
51.036803166667,3.8244741666667,1425560641000
51.036639666667,3.8241758333333,1425560646000
51.036466166667,3.8239133333333,1425560651000
51.036348833333,3.8236333333333,1425560656000
51.0362755,3.8233478333333,1425560661000
51.036242666667,3.8230661666667,1425560666000
51.036086833333,3.822806,1425560671000
51.035945333333,3.82254,1425560676000
51.035787,3.8222696666667,1425560681000
51.035569333333,3.8220191666667,1425560686000
51.035403833333,3.8217758333333,1425560691000
51.035249166667,3.821489,1425560696000
51.035114833333,3.821155,1425560701000
51.034926833333,3.8208843333333,1425560706000
51.034799166667,3.820638,1425560711000
51.034725,3.8203941666667,1425560716000
51.034569166667,3.820216,1425560721000
51.034529,3.8199853333333,1425560726000
51.034569166667,3.8197265,1425560731000
51.034626333333,3.8194031666667,1425560736000
51.034672166667,3.8191103333333,1425560741000
51.0346965,3.8188585,1425560746000
51.034770833333,3.8185288333333,1425560751000
51.0348095,3.8182051666667,1425560756000
51.034864,3.8178518333333,1425560761000
51.034905166667,3.8175335,1425560766000
51.034933333333,3.8172085,1425560771000
51.034932333333,3.8168788333333,1425560776000
51.0349455,3.8165721666667,1425560781000
51.034963,3.8162638333333,1425560786000
51.034976,3.8159816666667,1425560791000
51.035002333333,3.8157446666667,1425560796000
51.035050166667,3.8154283333333,1425560801000
51.0350655,3.8151631666667,1425560806000
51.035092333333,3.8149058333333,1425560811000
51.0351145,3.8146658333333,1425560816000
51.035116333333,3.8145105,1425560821000
51.0351405,3.814435,1425560826000
51.0351615,3.8143671666667,1425560831000
51.035194833333,3.8143793333333,1425560836000
51.035233666667,3.8144216666667,1425560841000
51.0352765,3.8143813333333,1425560846000
51.035302666667,3.8143215,1425560851000
51.035320833333,3.8142936666667,1425560856000
51.035324166667,3.8142905,1425560861000
51.035335166667,3.8142916666667,1425560866000
51.0353465,3.8142928333333,1425560871000
51.0353515,3.8142928333333,1425560876000
51.035357333333,3.8142936666667,1425560881000
51.0353595,3.8142945,1425560886000
51.035361166667,3.8142943333333,1425560891000
51.035367166667,3.8142965,1425560896000
51.035373666667,3.8142983333333,1425560901000
51.0353765,3.8143001666667,1425560906000
51.03538,3.814302,1425560911000
51.035384333333,3.8143036666667,1425560916000
51.035389333333,3.8143053333333,1425560921000
51.035392666667,3.8143068333333,1425560926000
51.035393333333,3.8143083333333,1425560931000
51.035392166667,3.8143083333333,1425560936000
51.035391333333,3.8143081666667,1425560941000
51.035391333333,3.8143076666667,1425560946000
51.035400833333,3.8143095,1425560951000
51.035408333333,3.8143108333333,1425560956000
51.035415166667,3.8143108333333,1425560961000
51.035421666667,3.8143095,1425560966000
51.035425833333,3.8143088333333,1425560971000
51.035426333333,3.8143081666667,1425560976000
51.035425666667,3.8143073333333,1425560981000
51.035422666667,3.8143066666667,1425560986000
51.035418333333,3.8143045,1425560991000
51.035414166667,3.8143023333333,1425560996000
51.035407166667,3.8143001666667,1425561001000
51.035404,3.8142991666667,1425561006000
51.035399833333,3.8142976666667,1425561011000
51.035398333333,3.8142966666667,1425561016000
51.035405,3.8142976666667,1425561021000
51.035408666667,3.814299,1425561026000
51.035409833333,3.8143,1425561031000
51.03541,3.8143006666667,1425561036000
51.0354125,3.8143008333333,1425561041000
51.0354125,3.8143006666667,1425561042000
51.0352745,3.814383,1425562987000
51.035295333333,3.8143825,1425562992000
51.035307666667,3.8143691666667,1425562997000
51.035302666667,3.8143661666667,1425563002000
51.035299,3.8143691666667,1425563007000
51.035299166667,3.8143665,1425563012000
51.035341166667,3.8143675,1425563017000
51.035357833333,3.8143625,1425563022000
51.035362666667,3.8143688333333,1425563027000
51.035369333333,3.8143695,1425563032000
51.035373833333,3.8143681666667,1425563037000
51.035377166667,3.8143681666667,1425563042000
51.035381333333,3.8143645,1425563047000
51.035383666667,3.8143591666667,1425563052000
51.035385666667,3.8143571666667,1425563057000
51.035386,3.8143566666667,1425563062000
51.035385,3.8143566666667,1425563067000
51.035379833333,3.8143595,1425563072000
51.035377833333,3.8143651666667,1425563078000
51.0353765,3.814369,1425563082000
51.0353735,3.8143771666667,1425563088000
51.035374666667,3.814378,1425563092000
51.035377666667,3.8142725,1425563098000
51.035383333333,3.8141395,1425563102000
51.035403833333,3.813907,1425563107000
51.035429333333,3.8136618333333,1425563112000
51.035505333333,3.8133621666667,1425563118000
51.035576333333,3.8131741666667,1425563122000
51.035663333333,3.8129043333333,1425563127000
51.035810833333,3.8125815,1425563133000
51.035878,3.812316,1425563138000
51.035999833333,3.8120486666667,1425563143000
51.036109833333,3.8117515,1425563148000
51.0362255,3.811506,1425563153000
51.03635,3.8113173333333,1425563158000
51.0364675,3.8111171666667,1425563163000
51.036604833333,3.8109456666667,1425563168000
51.036737833333,3.8107673333333,1425563173000
51.0368735,3.8105741666667,1425563178000
51.0370285,3.8103775,1425563183000
51.037181,3.8101931666667,1425563188000
51.037340166667,3.81002,1425563193000
51.037494833333,3.809885,1425563198000
51.037649166667,3.8097501666667,1425563203000
51.037827333333,3.8096051666667,1425563208000
51.037987166667,3.8094878333333,1425563213000
51.038163666667,3.8093535,1425563218000
51.038321333333,3.8092028333333,1425563223000
51.038525833333,3.8090521666667,1425563228000
51.0387205,3.8088868333333,1425563233000
51.0389005,3.8087515,1425563238000
51.039057666667,3.808615,1425563243000
51.039208166667,3.808468,1425563248000
51.039352833333,3.8083098333333,1425563253000
51.0394595,3.8081591666667,1425563258000
51.039570666667,3.8080343333333,1425563263000
51.039666333333,3.8081681666667,1425563268000
51.039763333333,3.8083455,1425563273000
51.039842,3.8084771666667,1425563278000
51.039915333333,3.8086445,1425563283000
51.0400055,3.8088096666667,1425563288000
51.040078833333,3.8090638333333,1425563293000
51.040143166667,3.8093003333333,1425563298000
51.040222166667,3.809714,1425563303000
51.0401915,3.810057,1425563308000
51.040106166667,3.8103041666667,1425563313000
51.040014166667,3.8105565,1425563318000
51.039934833333,3.8107871666667,1425563323000
51.039869,3.8109153333333,1425563328000
51.0398075,3.811065,1425563333000
51.039711,3.8112413333333,1425563338000
51.039607833333,3.8114201666667,1425563343000
51.03946,3.811659,1425563348000
51.0392315,3.8119488333333,1425563353000
51.039033166667,3.812271,1425563358000
51.0388445,3.8125685,1425563363000
51.038622833333,3.8128371666667,1425563368000
51.0384525,3.812974,1425563373000
51.0382975,3.8130888333333,1425563378000
51.038120166667,3.8131851666667,1425563383000
51.03794,3.8132713333333,1425563388000
51.037766666667,3.813421,1425563393000
51.0376155,3.8135433333333,1425563398000
51.037497666667,3.813657,1425563403000
51.037478,3.813839,1425563408000
51.03761,3.8139876666667,1425563413000
51.0377625,3.8141051666667,1425563418000
51.037943833333,3.8142631666667,1425563423000
51.038082666667,3.8144033333333,1425563428000
51.038172666667,3.8146495,1425563433000
51.0383465,3.8148655,1425563438000
51.038556166667,3.815043,1425563443000
51.038774333333,3.8152211666667,1425563448000
51.0389885,3.815337,1425563453000
51.039215,3.8154745,1425563458000
51.039429666667,3.8155845,1425563463000
51.039644333333,3.815679,1425563468000
51.039835666667,3.815749,1425563473000
51.040032833333,3.8158491666667,1425563478000
51.040230166667,3.8159393333333,1425563483000
51.040430166667,3.8160256666667,1425563488000
51.040640333333,3.8161423333333,1425563493000
51.040843666667,3.816242,1425563498000
51.041056666667,3.8163611666667,1425563503000
51.041234333333,3.8165163333333,1425563508000
51.041359166667,3.8168033333333,1425563513000
51.041403,3.817119,1425563518000
51.0414825,3.8174566666667,1425563523000
51.041575666667,3.8178083333333,1425563528000
51.0416705,3.8181238333333,1425563533000
51.0417625,3.8183976666667,1425563538000
51.041865666667,3.8185748333333,1425563543000
51.042030666667,3.8187171666667,1425563548000
51.042141333333,3.8188281666667,1425563553000
51.042305,3.818969,1425563558000
51.042499666667,3.8191611666667,1425563563000
51.042683833333,3.8193083333333,1425563568000
51.042804166667,3.819425,1425563573000
51.043011,3.8196396666667,1425563578000
51.043140666667,3.8197935,1425563583000
51.043270333333,3.8199585,1425563588000
51.0435295,3.819997,1425563593000
51.043648166667,3.819854,1425563598000
51.043855833333,3.8198838333333,1425563603000
51.044052833333,3.8199778333333,1425563608000
51.044197166667,3.8201118333333,1425563613000
51.044345333333,3.8202835,1425563618000
51.044422833333,3.8204246666667,1425563623000
51.044561333333,3.8206363333333,1425563628000
51.044709833333,3.8207935,1425563633000
51.0448525,3.8209648333333,1425563638000
51.045033333333,3.8210838333333,1425563643000
51.045174833333,3.821039,1425563648000
51.045337,3.820861,1425563653000
51.045449166667,3.8207068333333,1425563658000
51.045551166667,3.8205476666667,1425563663000
51.045619666667,3.8203221666667,1425563668000
51.045698833333,3.8200958333333,1425563673000
51.045782333333,3.8198406666667,1425563678000
51.045907833333,3.8195068333333,1425563684000
51.045982666667,3.819249,1425563689000
51.046030333333,3.8189518333333,1425563694000
51.04611,3.8185986666667,1425563699000
51.0461965,3.8182338333333,1425563704000
51.046262,3.817881,1425563709000
51.046321166667,3.817532,1425563714000
51.046367833333,3.8172058333333,1425563719000
51.046400166667,3.8168816666667,1425563724000
51.046411,3.8165805,1425563729000
51.046436166667,3.8162726666667,1425563734000
51.046464666667,3.815957,1425563739000
51.046461666667,3.8156203333333,1425563744000
51.046307333333,3.8153883333333,1425563749000
51.046110833333,3.8153105,1425563754000
51.045923166667,3.8153113333333,1425563759000
51.045723833333,3.8153176666667,1425563764000
51.045526666667,3.8153195,1425563769000
51.045329,3.815235,1425563774000
51.045147166667,3.8150898333333,1425563779000
51.044962833333,3.8149195,1425563784000
51.044797333333,3.8147306666667,1425563789000
51.044637666667,3.8145358333333,1425563794000
51.04447,3.8143128333333,1425563799000
51.044343666667,3.8140536666667,1425563804000
51.044222333333,3.8137946666667,1425563809000
51.0441085,3.8135261666667,1425563814000
51.044008,3.8132681666667,1425563819000
51.043925833333,3.813011,1425563824000
51.043853666667,3.8127485,1425563829000
51.043749,3.8124591666667,1425563834000
51.0436115,3.8121565,1425563839000
51.043520666667,3.8118848333333,1425563844000
51.043452,3.8115828333333,1425563849000
51.043348,3.8112676666667,1425563854000
51.043297666667,3.8109723333333,1425563859000
51.043234666667,3.8107041666667,1425563864000
51.043163333333,3.8104393333333,1425563869000
51.0430955,3.8101638333333,1425563874000
51.042993333333,3.8098771666667,1425563879000
51.042936166667,3.809611,1425563884000
51.042905833333,3.8093195,1425563889000
51.042878833333,3.8090825,1425563894000
51.0428305,3.808804,1425563899000
51.042764833333,3.8084928333333,1425563904000
51.042657166667,3.8081733333333,1425563909000
51.0425245,3.8078595,1425563914000
51.0424715,3.8076083333333,1425563919000
51.042413166667,3.8073636666667,1425563924000
51.0423155,3.8071086666667,1425563929000
51.042182333333,3.8068175,1425563934000
51.0420425,3.8065208333333,1425563939000
51.0419165,3.8062468333333,1425563944000
51.041807833333,3.8059646666667,1425563949000
51.041667666667,3.8056868333333,1425563954000
51.041559,3.8054311666667,1425563959000
51.041449,3.8051751666667,1425563964000
51.041339666667,3.8049321666667,1425563969000
51.041185833333,3.8046703333333,1425563975000
51.041067333333,3.8044631666667,1425563980000
51.040922333333,3.804248,1425563985000
51.0407965,3.8040408333333,1425563990000
51.040653833333,3.8037538333333,1425563995000
51.040637166667,3.8033876666667,1425564000000
51.040621666667,3.8030051666667,1425564005000
51.040583,3.8026498333333,1425564010000
51.040514833333,3.802313,1425564015000
51.040412333333,3.8020051666667,1425564020000
51.040328333333,3.8017111666667,1425564025000
51.040221333333,3.8014461666667,1425564030000
51.040130166667,3.801205,1425564035000
51.040006666667,3.8009226666667,1425564040000
51.039920333333,3.8006658333333,1425564045000
51.039821333333,3.800378,1425564050000
51.0396785,3.8000913333333,1425564055000
51.039551333333,3.7998113333333,1425564060000
51.0394045,3.7995236666667,1425564065000
51.039275333333,3.7992438333333,1425564070000
51.039172333333,3.7989676666667,1425564075000
51.039066666667,3.7987148333333,1425564080000
51.038909333333,3.7984101666667,1425564085000
51.038793833333,3.7981166666667,1425564090000
51.038688,3.7978491666667,1425564095000
51.0386,3.797566,1425564100000
51.0385385,3.797304,1425564105000
51.0384285,3.7970888333333,1425564110000
51.038339333333,3.7968656666667,1425564115000
51.038245333333,3.7968193333333,1425564120000
51.03819,3.7968668333333,1425564125000
51.0381235,3.7969501666667,1425564130000
51.037987,3.7970263333333,1425564135000
51.037746166667,3.7971701666667,1425564140000
51.037557166667,3.797285,1425564145000
51.037378333333,3.7973643333333,1425564150000
51.037214666667,3.7974583333333,1425564155000
51.036998333333,3.7976091666667,1425564160000
51.03684,3.7977011666667,1425564165000
51.036681166667,3.7977915,1425564170000
51.036486833333,3.7979045,1425564175000
51.036269833333,3.7981996666667,1425564180000
51.036091166667,3.7984716666667,1425564185000
51.035969333333,3.7987066666667,1425564190000
51.035849333333,3.7989118333333,1425564195000
51.035713,3.7990855,1425564200000
51.035525833333,3.7991463333333,1425564205000
51.035325333333,3.79907,1425564210000
51.0350955,3.7990001666667,1425564215000
51.034900333333,3.798893,1425564220000
51.034766,3.7988355,1425564225000
51.034629666667,3.7987151666667,1425564230000
51.034518666667,3.798669,1425564235000
51.034352,3.7986696666667,1425564240000
51.034219166667,3.7986048333333,1425564245000
51.034085833333,3.7985905,1425564250000
51.033918,3.7985736666667,1425564255000
51.033762166667,3.7985925,1425564260000
51.033585166667,3.798626,1425564265000
51.033437833333,3.7986128333333,1425564270000
51.033270166667,3.7985948333333,1425564275000
51.033151166667,3.79859,1425564280000
51.032985666667,3.7986195,1425564285000
51.032849,3.7986023333333,1425564290000
51.032627,3.7985733333333,1425564295000
51.032417833333,3.7985581666667,1425564300000
51.0322065,3.7985381666667,1425564305000
51.032002666667,3.7984955,1425564310000
51.031836666667,3.7984573333333,1425564315000
51.031682833333,3.798424,1425564320000
51.03152,3.7983465,1425564325000
51.031333333333,3.798214,1425564330000
51.031178666667,3.7980265,1425564335000
51.031012666667,3.7978066666667,1425564340000
51.030809666667,3.7977245,1425564345000
51.030696833333,3.7978236666667,1425564350000
51.030533333333,3.7978895,1425564356000
51.030399166667,3.7979236666667,1425564360000
51.030226166667,3.7979875,1425564366000
51.030079166667,3.7981381666667,1425564371000
51.029976333333,3.7983105,1425564376000
51.0298795,3.7984618333333,1425564381000
51.029766166667,3.7986238333333,1425564386000
51.029690833333,3.7987561666667,1425564390000
51.029487333333,3.798978,1425564396000
51.02935,3.7991675,1425564401000
51.029177833333,3.799378,1425564406000
51.029046666667,3.7994711666667,1425564410000
51.028896166667,3.799577,1425564416000
51.028790333333,3.799454,1425564421000
51.028696833333,3.7993171666667,1425564425000
51.0285665,3.7991405,1425564430000
51.028414333333,3.7989158333333,1425564436000
51.028303333333,3.798756,1425564440000
51.0281655,3.7984206666667,1425564446000
51.028071666667,3.798157,1425564451000
51.028013166667,3.7978185,1425564456000
51.027938166667,3.7975346666667,1425564461000
51.027829833333,3.7972515,1425564466000
51.027724666667,3.7969788333333,1425564471000
51.027689833333,3.7967095,1425564476000
51.0277085,3.7964371666667,1425564481000
51.027663333333,3.7961141666667,1425564486000
51.027643833333,3.7957971666667,1425564491000
51.027646,3.7954985,1425564496000
51.027654166667,3.7952215,1425564501000
51.027698833333,3.7949168333333,1425564506000
51.027751666667,3.7946113333333,1425564511000
51.027785333333,3.7943655,1425564516000
51.027837166667,3.7940848333333,1425564521000
51.027876833333,3.7938001666667,1425564526000
51.027920333333,3.7935008333333,1425564531000
51.027957833333,3.7932035,1425564536000
51.028011,3.7928711666667,1425564541000
51.028068333333,3.7925533333333,1425564546000
51.028142666667,3.7922426666667,1425564551000
51.028176333333,3.791931,1425564556000
51.028182166667,3.7916428333333,1425564561000
51.028213833333,3.7913185,1425564566000
51.028186,3.7909303333333,1425564572000
51.028158333333,3.7906265,1425564577000
51.028086666667,3.790302,1425564582000
51.0280065,3.7900833333333,1425564587000
51.027943833333,3.7898475,1425564592000
51.027891833333,3.7896266666667,1425564597000
51.027838666667,3.7893866666667,1425564602000
51.027795166667,3.7891273333333,1425564607000
51.0277715,3.7888615,1425564612000
51.0278025,3.788617,1425564617000
51.027793166667,3.7883471666667,1425564622000
51.027819333333,3.7880935,1425564627000
51.027821166667,3.7878318333333,1425564632000
51.027835833333,3.7875553333333,1425564637000
51.027867833333,3.7872456666667,1425564642000
51.0279065,3.7869466666667,1425564647000
51.027968833333,3.7866355,1425564652000
51.028010833333,3.786288,1425564657000
51.028053666667,3.785926,1425564662000
51.028083833333,3.7856125,1425564667000
51.028118166667,3.7852575,1425564672000
51.028156833333,3.7849381666667,1425564677000
51.0281885,3.7845893333333,1425564682000
51.028190833333,3.7842093333333,1425564687000
51.028166,3.783824,1425564692000
51.028108333333,3.7834125,1425564697000
51.028052333333,3.783017,1425564702000
51.028013,3.782651,1425564707000
51.027956833333,3.7823356666667,1425564712000
51.027870666667,3.7820448333333,1425564717000
51.0278105,3.7817795,1425564722000
51.027765833333,3.781488,1425564727000
51.027691166667,3.7811956666667,1425564732000
51.0276405,3.7808813333333,1425564737000
51.027612,3.7805215,1425564742000
51.027547,3.780086,1425564747000
51.027471666667,3.7796798333333,1425564752000
51.027373333333,3.7793121666667,1425564757000
51.027271666667,3.7789868333333,1425564762000
51.027166166667,3.7786793333333,1425564767000
51.027067666667,3.7783971666667,1425564772000
51.026975,3.778102,1425564777000
51.026871833333,3.7777741666667,1425564782000
51.026746833333,3.7774248333333,1425564787000
51.0266165,3.7770786666667,1425564792000
51.0264815,3.7767535,1425564797000
51.026358166667,3.7764956666667,1425564802000
51.026251166667,3.7762373333333,1425564807000
51.026139333333,3.775956,1425564812000
51.026016666667,3.7756448333333,1425564817000
51.025874,3.7753356666667,1425564822000
51.025747833333,3.7751025,1425564827000
51.025646166667,3.7749731666667,1425564832000
51.025620166667,3.7748783333333,1425564837000
51.025621666667,3.774837,1425564842000
51.025624833333,3.774811,1425564847000
51.025638833333,3.7747653333333,1425564852000
51.025635166667,3.7747191666667,1425564857000
51.025656833333,3.774677,1425564862000
51.025668666667,3.7746395,1425564867000
51.025692666667,3.774637,1425564872000
51.025682333333,3.7746066666667,1425564877000
51.025679166667,3.7745851666667,1425564882000
51.025659166667,3.7745926666667,1425564887000
51.025651,3.774592,1425564892000
51.025648166667,3.7745955,1425564897000
51.025642666667,3.774595,1425564902000
51.0256385,3.7745946666667,1425564907000
51.025634833333,3.774598,1425564912000
51.025640666667,3.7746061666667,1425564917000
51.025638,3.7746101666667,1425564922000
51.0256365,3.774618,1425564927000
51.0256375,3.7746286666667,1425564932000
51.025637666667,3.7746403333333,1425564937000
51.025641333333,3.7746533333333,1425564942000
51.025642333333,3.7746651666667,1425564947000
51.025640333333,3.7746721666667,1425564952000
51.025638666667,3.7746683333333,1425564957000
51.025635,3.7746706666667,1425564962000
51.0256285,3.7746883333333,1425564967000
51.025625166667,3.7746911666667,1425564972000
51.025622166667,3.774684,1425564977000
51.025621,3.77467,1425564982000
51.025620833333,3.7746591666667,1425564987000
51.025621166667,3.7746525,1425564992000
51.025996166667,3.774685,1425118971000
51.0258395,3.774876,1425118976000
51.0257415,3.7749221666667,1425118981000
51.025628666667,3.77485,1425118986000
51.025566166667,3.7747861666667,1425118991000
51.025545833333,3.7747681666667,1425118996000
51.025546,3.7747686666667,1425119001000
51.0255415,3.7747728333333,1425119006000
51.025564666667,3.7747308333333,1425119011000
51.025623833333,3.7746468333333,1425119016000
